{
  "labels": [
    "hug",
    "rest_head",
    "shake",
    "tap"
  ],
  "feature_names": [
    "pressure_delta",
    "ax",
    "ay",
    "az",
    "gx",
    "gy",
    "gz"
  ],
  "feature_mean": [
    -113.36103057861328,
    0.2062540054321289,
    -0.041343413293361664,
    0.4620193839073181,
    126.70809936523438,
    126.3697738647461,
    125.81842803955078
  ],
  "feature_std": [
    360.5929260253906,
    0.49204954504966736,
    0.4576673209667206,
    0.6500740647315979,
    13.989826202392578,
    14.020651817321777,
    14.552515983581543
  ],
  "model": {
    "feature_dim": 7,
    "hidden_dim": 128,
    "num_classes": 4,
    "num_layers": 2,
    "dropout": 0.1
  }
}