{
  "labels": [
    "hug",
    "rest_head",
    "shake",
    "tap"
  ],
  "feature_names": [
    "pressure_delta",
    "ax",
    "ay",
    "az",
    "gx",
    "gy",
    "gz"
  ],
  "feature_mean": [
    22.858356475830078,
    0.03383136913180351,
    0.129810631275177,
    0.5871594548225403,
    126.49207305908203,
    126.7744140625,
    127.06916046142578
  ],
  "feature_std": [
    43.57309341430664,
    0.29827681183815,
    0.6443836092948914,
    0.6076844334602356,
    36.3420524597168,
    36.69156265258789,
    36.79148864746094
  ],
  "model": {
    "feature_dim": 7,
    "hidden_dim": 128,
    "num_classes": 4,
    "num_layers": 2,
    "dropout": 0.1
  }
}