{
  "labels": [
    "hug",
    "rest_head",
    "shake",
    "tap"
  ],
  "feature_names": [
    "pressure_delta",
    "ax",
    "ay",
    "az",
    "gx",
    "gy",
    "gz"
  ],
  "feature_mean": [
    -117.32418060302734,
    0.20746779441833496,
    -0.04647993668913841,
    0.4686552584171295,
    126.6874008178711,
    124.84527587890625,
    125.7679672241211
  ],
  "feature_std": [
    368.9406433105469,
    0.48602545261383057,
    0.43718796968460083,
    0.6315150260925293,
    11.902219772338867,
    11.683136940002441,
    12.45111083984375
  ],
  "model": {
    "feature_dim": 7,
    "hidden_dim": 128,
    "num_classes": 4,
    "num_layers": 2,
    "dropout": 0.1
  }
}