{
  "labels": [
    "hug",
    "rest_head",
    "shake",
    "tap"
  ],
  "feature_names": [
    "pressure_delta",
    "ax",
    "ay",
    "az",
    "gx",
    "gy",
    "gz"
  ],
  "feature_mean": [
    23.183740615844727,
    0.03533689305186272,
    0.14462076127529144,
    0.5866353511810303,
    126.5847396850586,
    125.63347625732422,
    126.27252960205078
  ],
  "feature_std": [
    38.5886344909668,
    0.27661433815956116,
    0.6188374161720276,
    0.5654711127281189,
    14.184611320495605,
    13.957442283630371,
    14.137694358825684
  ],
  "model": {
    "feature_dim": 7,
    "hidden_dim": 128,
    "num_classes": 4,
    "num_layers": 2,
    "dropout": 0.1
  }
}