{
  "labels": [
    "hug",
    "rest_head",
    "shake",
    "tap"
  ],
  "feature_names": [
    "pressure_delta",
    "ax",
    "ay",
    "az",
    "gx",
    "gy",
    "gz"
  ],
  "feature_mean": [
    22.639820098876953,
    0.038790445774793625,
    0.18488362431526184,
    0.5596707463264465,
    127.92328643798828,
    126.3465576171875,
    126.47486877441406
  ],
  "feature_std": [
    38.89837646484375,
    0.27905815839767456,
    0.6313369870185852,
    0.5524615049362183,
    13.409417152404785,
    12.66693115234375,
    13.846735000610352
  ],
  "model": {
    "feature_dim": 7,
    "hidden_dim": 128,
    "num_classes": 4,
    "num_layers": 2,
    "dropout": 0.1
  }
}