{
  "labels": [
    "hug",
    "rest_head",
    "shake",
    "tap"
  ],
  "feature_names": [
    "pressure_delta",
    "ax",
    "ay",
    "az",
    "gx",
    "gy",
    "gz"
  ],
  "feature_mean": [
    -110.39578247070312,
    0.2075497806072235,
    -0.04750329628586769,
    0.4640495181083679,
    127.23828887939453,
    126.57434844970703,
    126.21047973632812
  ],
  "feature_std": [
    357.6212158203125,
    0.4909382164478302,
    0.45322757959365845,
    0.6485461592674255,
    14.014193534851074,
    14.474628448486328,
    14.422329902648926
  ],
  "model": {
    "feature_dim": 7,
    "hidden_dim": 128,
    "num_classes": 4,
    "num_layers": 2,
    "dropout": 0.1
  }
}