{
  "labels": [
    "hug",
    "rest_head",
    "shake",
    "tap"
  ],
  "feature_names": [
    "pressure_delta",
    "ax",
    "ay",
    "az",
    "gx",
    "gy",
    "gz"
  ],
  "feature_mean": [
    23.066789627075195,
    0.035808734595775604,
    0.13025236129760742,
    0.5795714259147644,
    127.10462951660156,
    126.01830291748047,
    126.21065521240234
  ],
  "feature_std": [
    41.15195083618164,
    0.29565179347991943,
    0.6265383362770081,
    0.5677422285079956,
    14.418925285339355,
    13.964458465576172,
    14.460841178894043
  ],
  "model": {
    "feature_dim": 7,
    "hidden_dim": 128,
    "num_classes": 4,
    "num_layers": 2,
    "dropout": 0.1
  }
}