{
  "labels": [
    "hug",
    "rest_head",
    "shake",
    "tap"
  ],
  "feature_names": [
    "pressure_delta",
    "ax",
    "ay",
    "az",
    "gx",
    "gy",
    "gz"
  ],
  "feature_mean": [
    22.164060592651367,
    0.03555259108543396,
    0.1335248351097107,
    0.5838782787322998,
    126.27520751953125,
    126.57272338867188,
    126.61634826660156
  ],
  "feature_std": [
    39.309242248535156,
    0.2804949879646301,
    0.6108068823814392,
    0.5534768104553223,
    2.839538335800171,
    2.925292730331421,
    3.642839193344116
  ],
  "model": {
    "feature_dim": 7,
    "hidden_dim": 128,
    "num_classes": 4,
    "num_layers": 2,
    "dropout": 0.1
  }
}