{
  "labels": [
    "hug",
    "rest_head",
    "shake",
    "tap"
  ],
  "feature_names": [
    "pressure_delta",
    "ax",
    "ay",
    "az",
    "gx",
    "gy",
    "gz"
  ],
  "feature_mean": [
    23.04094123840332,
    0.035752687603235245,
    0.13008853793144226,
    0.5788590908050537,
    126.94843292236328,
    125.86344146728516,
    126.05550384521484
  ],
  "feature_std": [
    38.53248596191406,
    0.2882595360279083,
    0.6200041174888611,
    0.5636327266693115,
    14.621201515197754,
    14.163533210754395,
    14.64181137084961
  ],
  "model": {
    "feature_dim": 7,
    "hidden_dim": 128,
    "num_classes": 4,
    "num_layers": 2,
    "dropout": 0.1
  }
}