{
  "labels": [
    "hug",
    "rest_head",
    "shake",
    "tap"
  ],
  "feature_names": [
    "pressure_delta",
    "ax",
    "ay",
    "az",
    "gx",
    "gy",
    "gz"
  ],
  "feature_mean": [
    -103.1077651977539,
    0.2227741777896881,
    -0.038427677005529404,
    0.4522135555744171,
    126.1318359375,
    125.58922576904297,
    126.08039093017578
  ],
  "feature_std": [
    349.4247131347656,
    0.48220276832580566,
    0.4427514374256134,
    0.6408156156539917,
    6.865871429443359,
    7.195321083068848,
    7.640573024749756
  ],
  "model": {
    "feature_dim": 7,
    "hidden_dim": 128,
    "num_classes": 4,
    "num_layers": 2,
    "dropout": 0.1
  }
}