{
  "labels": [
    "hug",
    "idle",
    "rest_head",
    "tap"
  ],
  "weights": [
    [
      2.279333799398433,
      2.0579665448194593,
      2.974209889834182,
      -2.9902123393723765,
      1.2007898870507399,
      0.03714799335941387,
      -0.27265992282407786
    ],
    [
      -4.816026314612436,
      1.7950557215830032,
      -3.439896712632403,
      3.3210812082649004,
      -1.4025482361482282,
      -0.33422060062355985,
      0.10887241857304127
    ],
    [
      2.6873542403537534,
      -3.0510600850757115,
      -2.654578282035624,
      0.6350782512954665,
      -1.4193177462557822,
      -0.11781364939675133,
      0.34810759193537716
    ],
    [
      -0.15066172513975618,
      -0.8019621813267465,
      3.120265104833843,
      -0.9659471201879927,
      1.621076095353265,
      0.4148862566609099,
      -0.18432008768433478
    ]
  ],
  "bias": [
    1.0165815859855056,
    -5.3007120457230075,
    -0.7691417675753359,
    5.053272227312766
  ],
  "feature_mean": [
    235.96675265118947,
    -0.00748609916881628,
    0.2629667526511894,
    0.7938733161364286,
    126.23187159644597,
    126.97592433361994,
    126.66064775007166
  ],
  "feature_scale": [
    255.23377700423688,
    0.1958546758407111,
    0.4130031934012352,
    0.4052335193663492,
    0.4578589494182661,
    0.30566338871532983,
    0.4812943926244034
  ],
  "metadata": {
    "report": "              precision    recall  f1-score   support\n\n         hug       1.00      1.00      1.00       174\n        idle       0.77      1.00      0.87       175\n   rest_head       0.95      0.90      0.92       174\n         tap       0.98      0.75      0.85       175\n\n    accuracy                           0.91       698\n   macro avg       0.93      0.91      0.91       698\nweighted avg       0.93      0.91      0.91       698\n",
    "confusion_matrix": [
      [
        174,
        0,
        0,
        0
      ],
      [
        0,
        175,
        0,
        0
      ],
      [
        0,
        15,
        156,
        3
      ],
      [
        0,
        36,
        8,
        131
      ]
    ]
  }
}