{
  "labels": [
    "hug",
    "idle",
    "rest_head",
    "shake",
    "tap"
  ],
  "feature_names": [
    "pressure_delta",
    "ax",
    "ay",
    "az",
    "gx",
    "gy",
    "gz"
  ],
  "feature_mean": [
    212.77760314941406,
    0.015631597489118576,
    0.08154961466789246,
    0.8145391345024109,
    126.41413879394531,
    127.1512222290039,
    126.60582733154297
  ],
  "feature_std": [
    212.2969207763672,
    0.4974287152290344,
    0.3747901916503906,
    0.37661388516426086,
    1.895832896232605,
    1.7965362071990967,
    4.999953269958496
  ],
  "model": {
    "feature_dim": 7,
    "hidden_dim": 128,
    "num_classes": 5,
    "num_layers": 2,
    "dropout": 0.1
  }
}