{
  "labels": [
    "hug",
    "rest_head",
    "shake",
    "tap"
  ],
  "feature_names": [
    "pressure_delta",
    "ax",
    "ay",
    "az",
    "gx",
    "gy",
    "gz"
  ],
  "feature_mean": [
    170.6725616455078,
    0.07828514277935028,
    0.06797068566083908,
    0.8120494484901428,
    127.0948715209961,
    126.77923583984375,
    125.4597396850586
  ],
  "feature_std": [
    200.3658447265625,
    0.5195238590240479,
    0.3943670988082886,
    0.3972267806529999,
    7.5324835777282715,
    7.516828536987305,
    8.603279113769531
  ],
  "model": {
    "feature_dim": 7,
    "hidden_dim": 128,
    "num_classes": 4,
    "num_layers": 2,
    "dropout": 0.1
  }
}