{
  "labels": [
    "hug",
    "idle",
    "rest_head",
    "shake",
    "tap"
  ],
  "feature_names": [
    "pressure_delta",
    "ax",
    "ay",
    "az",
    "gx",
    "gy",
    "gz"
  ],
  "feature_mean": [
    133.33441162109375,
    0.03783996030688286,
    0.05548321455717087,
    0.8651090860366821,
    126.35772705078125,
    127.05335998535156,
    126.56593322753906
  ],
  "feature_std": [
    195.14535522460938,
    0.45773589611053467,
    0.3566921353340149,
    0.3760862350463867,
    2.7155025005340576,
    2.4545998573303223,
    4.439296722412109
  ],
  "model": {
    "feature_dim": 7,
    "hidden_dim": 128,
    "num_classes": 5,
    "num_layers": 2,
    "dropout": 0.1
  }
}