{
  "labels": [
    "hug",
    "idle",
    "rest_head",
    "shake",
    "tap"
  ],
  "feature_names": [
    "pressure_delta",
    "ax",
    "ay",
    "az",
    "gx",
    "gy",
    "gz"
  ],
  "feature_mean": [
    206.0403594970703,
    0.00902989786118269,
    0.08007660508155823,
    0.8262540698051453,
    126.40581512451172,
    127.12633514404297,
    126.60245513916016
  ],
  "feature_std": [
    213.00238037109375,
    0.47827789187431335,
    0.37162503600120544,
    0.36960211396217346,
    1.786269187927246,
    1.7345026731491089,
    4.855306148529053
  ],
  "model": {
    "feature_dim": 7,
    "hidden_dim": 128,
    "num_classes": 5,
    "num_layers": 2,
    "dropout": 0.1
  }
}